{
  "/angle_velocity_slider": {
    "min": 1,
    "max": 500,
    "value": 8.484999656677246
  },
  "/num_speakers": {
    "min": 0,
    "max": 8,
    "value": 1.1428571939468384
  },
  "/radius_velocity_slider": {
    "min": 1,
    "max": 500,
    "value": 108.28499603271484
  },
  "/interval_1": {
    "min": 0,
    "max": 10000,
    "value": 3000
  },
  "/interval_2": {
    "min": 0,
    "max": 10000,
    "value": 3000
  },
  "/range_controller": {
    "lowValue": 180,
    "highValue": 306.66668701171875
  },
  "/interval_0": {
    "min": 0,
    "max": 10000,
    "value": 3000
  },
  "/reverb_6": {
    "min": 0,
    "max": 1,
    "value": 0.17000000178813934
  },
  "/reverb_7": {
    "min": 0,
    "max": 1,
    "value": 0.0949999988079071
  },
  "/reverb_2": {
    "min": 0,
    "max": 1,
    "value": 0.47999998927116394
  },
  "/reverb_3": {
    "min": 0,
    "max": 1,
    "value": 0.3449999988079071
  },
  "/reverb_4": {
    "min": 0,
    "max": 1,
    "value": 0.26999998092651367
  },
  "/interval_7": {
    "min": 0,
    "max": 10000,
    "value": 3000
  },
  "/reverb_5": {
    "min": 0,
    "max": 1,
    "value": 0.20999999344348907
  },
  "/voices_reverb": {
    "min": 0,
    "max": 1,
    "value": 0.5
  },
  "/interval_5": {
    "min": 0,
    "max": 10000,
    "value": 3000
  },
  "/interval_6": {
    "min": 0,
    "max": 10000,
    "value": 3000
  },
  "/interval_3": {
    "min": 0,
    "max": 10000,
    "value": 3000
  },
  "/reverb_0": {
    "min": 0,
    "max": 1,
    "value": 1
  },
  "/reverb_1": {
    "min": 0,
    "max": 1,
    "value": 0.73499995470047
  },
  "/interval_4": {
    "min": 0,
    "max": 10000,
    "value": 3000
  },
  "/room_reverb": {
    "min": 0,
    "max": 1,
    "value": 0.7749999761581421
  }
}