{
  "/voice_2": {
    "min": 0,
    "max": 10000,
    "value": 3000
  },
  "/radius_velocity_slider": {
    "min": 1,
    "max": 500,
    "value": 38.42499923706055
  },
  "/voice_3": {
    "min": 0,
    "max": 10000,
    "value": 3000
  },
  "/voice_0": {
    "min": 0,
    "max": 10000,
    "value": 3000
  },
  "/range_controller": {
    "lowValue": 24.44444465637207,
    "highValue": 206.66665649414062
  },
  "/voice_1": {
    "min": 0,
    "max": 10000,
    "value": 3000
  },
  "/angle_velocity_slider": {
    "min": 1,
    "max": 500,
    "value": 15.969999313354492
  },
  "/num_speakers": {
    "min": 0,
    "max": 5,
    "value": 1.25
  },
  "/voices_reverb": {
    "min": 0,
    "max": 1,
    "value": 0.5349999666213989
  },
  "/voice_4": {
    "min": 0,
    "max": 10000,
    "value": 3000
  },
  "/room_reverb": {
    "min": 0,
    "max": 1,
    "value": 0.5149999856948853
  }
}