{
  "/angle_velocity_slider": {
    "min": 1,
    "max": 500,
    "value": 15.969999313354492
  },
  "/num_speakers": {
    "min": 0,
    "max": 8,
    "value": 8
  },
  "/radius_velocity_slider": {
    "min": 1,
    "max": 500,
    "value": 78.34500122070312
  },
  "/interval_1": {
    "min": 0,
    "max": 10000,
    "value": 1850
  },
  "/interval_2": {
    "min": 0,
    "max": 10000,
    "value": 3000
  },
  "/range_controller": {
    "lowValue": 176.6666717529297,
    "highValue": 300
  },
  "/interval_0": {
    "min": 0,
    "max": 10000,
    "value": 5100
  },
  "/reverb_6": {
    "min": 0,
    "max": 1,
    "value": 0.03999999910593033
  },
  "/reverb_7": {
    "min": 0,
    "max": 1,
    "value": 0.019999999552965164
  },
  "/reverb_2": {
    "min": 0,
    "max": 1,
    "value": 0.5
  },
  "/reverb_3": {
    "min": 0,
    "max": 1,
    "value": 0.2750000059604645
  },
  "/reverb_4": {
    "min": 0,
    "max": 1,
    "value": 0.0949999988079071
  },
  "/interval_7": {
    "min": 0,
    "max": 10000,
    "value": 3000
  },
  "/reverb_5": {
    "min": 0,
    "max": 1,
    "value": 0.07499999552965164
  },
  "/voices_reverb": {
    "min": 0,
    "max": 1,
    "value": 0.5
  },
  "/interval_5": {
    "min": 0,
    "max": 10000,
    "value": 3000
  },
  "/interval_6": {
    "min": 0,
    "max": 10000,
    "value": 3000
  },
  "/interval_3": {
    "min": 0,
    "max": 10000,
    "value": 3000
  },
  "/reverb_0": {
    "min": 0,
    "max": 1,
    "value": 0.8999999761581421
  },
  "/reverb_1": {
    "min": 0,
    "max": 1,
    "value": 0.29999998211860657
  },
  "/interval_4": {
    "min": 0,
    "max": 10000,
    "value": 3000
  },
  "/room_reverb": {
    "min": 0,
    "max": 1,
    "value": 0.8449999690055847
  }
}